step,stop,left,right,tasa,radio,fps,frames_count,segundos,ojal_guess,e,th
3000,100,65,72,1,150,30.004100019192983,90007.0,2999.823355555556,6,16,12
