step,left,right,tasa,radio,fps,frames_count,segundos
3000,65,73,1,150,30.003965598603344,1947.0,64.89142222222222
