left,right,step,stop,fps,frame_count,segundos,radio
65,72,5000,100,30.00385854899144,1099,36.62862222222222,150
