left,right,step,stop,fps,frame_count,segundos,radio,e,ojal,th
65,72,1000,100,30.00372817095005,2299,76.62381111111111,150,16,6,10
