left,right,step,stop,fps,frame_count,segundos,radio,e,ojal,th
65,72,3000,100,30.00315647825629,1204,40.12911111111112,150,16,6,10
