step,left,right,tasa,radio,fps,frames_count,segundos
1000,65,74,1,150,30.004023621025137,13604.0,453.40585555555555
