radio,fps,frames_count,segundos,ojal_guess,e,th
150,30.00409386216452,108013,3599.9420777777777,6,16,13
