step,stop,left,right,tasa,radio,fps,frames_count,segundos,ojal_guess,e,th
2000,100,65,74,1,150,30.00387696528767,6573.0,219.07168888888887,6,16,10
