step,stop,left,right,tasa,radio,fps,frames_count,segundos,ojal_guess,e,th
2000,100,65,74,1,150,30.00409163960345,108013.0,3599.942344444444,6,16,10
