step,stop,left,right,tasa,radio,fps,frames_count,segundos
2000,100,65,74,1,150,30.004091639603452,108013.0,3599.942344444444
