radio,fps,frames_count,segundos,ojal_guess,e,th
150,30.00333006392631,1832.0,61.059888888888885,6,16,10
