step,stop,left,right,tasa,radio,fps,frames_count,segundos,ojal_guess,e,th
3000,100,65,72,1,150,30.004073868256704,4392.0,146.3801222222222,6,16,10
