step,stop,left,right,tasa,radio,fps,frames_count,segundos,ojal_guess,e,th
2000,100,65,74,1,150,30.004111087023947,108013.0,3599.9400111111117,6,16,10
