radio,fps,frames_count,segundos,ojal_guess,e,th,step,stop,left,right
150,30.004087750122377,108013,3599.942811111111,6,16,10,2000,100,65,74
