left,right,step,stop,fps,frame_count,segundos,radio
65,74,2000,100,30.00387696528767,6573,219.07168888888887,150
