step,stop,left,right,tasa,radio,fps,frames_count,segundos,ojal_guess,e,th
3000,500,64,74,1,150,30.002736486236625,1217.0,40.56296666666667,6,16,13
