step,stop,left,right,tasa,radio,fps,frames_count,segundos,ojal_guess,e,th
2000,100,63,75,1,150,30.003638050776075,3648.0,121.58525555555556,6,16,10
