step,stop,left,right,tasa,radio,fps,frames_count,segundos,ojal_guess,e,th
3000,100,64,72,1,150,30.003889905235027,1085.0,36.16197777777778,6,16,10
