step,stop,left,right,tasa,radio,fps,frames_count,segundos,ojal_guess,e,th
1000,100,65,72,1,150,30.003869860582487,3414.0,113.78532222222222,6,16,10
